[{
 "title":"북캐스트",
 "subtitle":"징글징글하고 질긴 관계",
 "ptitle":"자식 넷과 부모, 가족의 속사정",
 "url":"storyk1.jpg"
}, {
 "title":"북캐스트",
 "subtitle":"결혼 생활을 좌우하는 '이것'",
 "ptitle":"다름 아닌 '경제적 궁합'",
 "url":"storyk2.jpg"
}, {
 "title":"북캐스트",
 "subtitle":"신대륙 발견의 배후 세력",
 "ptitle":"유럽을 움직인 오스만의 정복왕",
 "url":"storyk3.jpg"
}, {
 "title":"북캐스트",
 "subtitle":"한 컷의 사진 속 역사 추리",
 "ptitle":"시대를 사진으로 읽는다",
 "url":"storyk4.jpg"
}, {
 "title":"북뉴스",
 "subtitle":"작가와의 만남",
 "ptitle":"『다시, 배우다』폴 김 교수",
 "url":"storyk5.jpg"
}, {
 "title":"북뉴스",
 "subtitle":"작가와의 만남",
 "ptitle":"『꽤 괜찮은 해피엔딩』이지선",
 "url":"storyk6.jpg"
}, {
 "title":"북뉴스",
 "subtitle":"작가와의 만남",
 "ptitle":"『채널을 돌리다가』곽재식",
 "url":"storyk7.jpg"
}, {
 "title":"북뉴스",
 "subtitle":"작가와의 만남",
 "ptitle":"『말 잘한다는 소리를 들으면 소원이 없겠 ···",
 "url":"storyk8.jpg"
}, {
 "title":"북모닝",
 "subtitle":"빌 게이츠 넥스트 팬데믹을 ···",
 "ptitle":"코로나19로부터 배운 것 그리고 ···",
 "url":"storyk9.jpg"
}, {
 "title":"북모닝",
 "subtitle":"도쿠가와 이에야스 인간경영",
 "ptitle":"인간경영 전략의 모든 것",
 "url":"storyk10.jpg"
}, {
 "title":"북모닝",
 "subtitle":"럭키",
 "ptitle":"내 안에 잠든 운을 깨우는 7가지",
 "url":"storyk11.jpg"
}, {
 "title":"북모닝",
 "subtitle":"초가치",
 "ptitle":"돈으로 살 수 없는 미래",
 "url":"storyk12.jpg"
}]